dossier	nom	original	url	octets	mode
federations	LOCAL_regles_officielles_belote_contree	.pdf	LOCAL — copie de docs/règles officielles belote contrée.pdf	443012	fetch
federations	badje42_free_fr_index_htm_files_Reglement_20de_20la_20Coinche_doc	.html	http://badje42.free.fr/index_htm_files/Reglement%20de%20la%20Coinche.doc	30208	fetch
federations	coinche_en_ligne_com_federation_francaise_de_coinche	.html	http://www.coinche-en-ligne.com/federation-francaise-de-coinche/	31681	fetch
federations	ffbelote_REGLES-DE-LA-BELOTE-CONTREE	.pdf	https://www.ffbelote.org/wp-content/uploads/2015/11/REGLES-DE-LA-BELOTE-CONTREE.pdf	217644	fetch
federations	ffbelote_org_belote_contree	.html	https://www.ffbelote.org/belote-contree/	133769	fetch
federations	ffbelote_org_reglements_de_la_belote_avec_ou_sans_annonce	.html	https://www.ffbelote.org/reglements-de-la-belote-avec-ou-sans-annonce/	134059	fetch
federations	ffbelote_org_regles_coinche	.html	https://www.ffbelote.org/regles-coinche/	135656	fetch
federations	ffbelote_org_regles_officielle_belote	.html	https://www.ffbelote.org/regles-officielle-belote/	131925	fetch
federations	ffbelote_org_wp_content_uploads_2015_11_REGLES_DE_LA_BELOTE_COINCHEE_pdf	.pdf	https://www.ffbelote.org/wp-content/uploads/2015/11/REGLES-DE-LA-BELOTE-COINCHEE.pdf	218796	fetch
federations	ffbelote_org_wp_content_uploads_2015_11_REGLES_DE_LA_BELOTE_CONTREE_pdf	.pdf	https://www.ffbelote.org/wp-content/uploads/2015/11/REGLES-DE-LA-BELOTE-CONTREE.pdf	217644	fetch
federations	ffbelote_org_wp_content_uploads_2016_01_REGLES_DE_LA_BELOTE_pdf	.pdf	https://www.ffbelote.org/wp-content/uploads/2016/01/REGLES-DE-LA-BELOTE.pdf	218276	fetch
federations	ffbelote_org_wp_content_uploads_2016_01_regles_officielles_de_la_Belote_Contree_27_01_2016_pdf	.pdf	https://www.ffbelote.org/wp-content/uploads/2016/01/regles-officielles-de-la-Belote-Contree-27-01-2016.pdf	178630	fetch
federations	ffbelote_regles-officielles-de-la-Belote-27-01-2016	.pdf	https://www.ffbelote.org/wp-content/uploads/2016/01/regles-officielles-de-la-Belote-27-01-2016.pdf	154757	fetch
federations	ffbelote_regles-officielles-de-la-Belote-Contree-27-01-2016	.pdf	https://www.ffbelote.org/wp-content/uploads/2016/01/regles-officielles-de-la-Belote-Contree-27-01-2016.pdf	178630	fetch
federations	net1901_org_association_FEDERATION_FRANCAISE_DE_COINCHE_804219_html	.html	https://www.net1901.org/association/FEDERATION-FRANCAISE-DE-COINCHE,804219.html	24112	fetch
federations	qgcoinche_com	.html	https://qgcoinche.com/	15951	fetch
federations	web_archive_org_web_2019_http_coinche_stephanoise_com_index_php	.html	https://web.archive.org/web/2019/http://www.coinche-stephanoise.com/index.php	44961	fetch
federations	web_archive_org_web_2020_http_coinche_stephanoise_com	.html	https://web.archive.org/web/2020/http://coinche-stephanoise.com/	46548	fetch
tournois	aappmakoenigshoffen_e_monsite_com_medias_files_reglementtournoibelote_2_pdf	.pdf	http://aappmakoenigshoffen.e-monsite.com/medias/files/reglementtournoibelote-2.pdf	98110	fetch
tournois	ainesruraux_saintsever_com_belote_BELOTE_20TRADITIONNELLE_pdf	.pdf	http://www.ainesruraux-saintsever.com/belote/BELOTE%20TRADITIONNELLE.pdf	31998	fetch
tournois	beloter_com_351_organiser_un_concours_en_salle	.html	http://www.beloter.com/351/organiser-un-concours-en-salle	31266	fetch
tournois	bibuloba_animations_fr_wp_content_uploads_2020_04_Bibuloba_regles_belote_pdf	.pdf	https://bibuloba-animations.fr/wp-content/uploads/2020/04/Bibuloba-regles-belote.pdf	1081352	fetch
tournois	bonnafousn_wixsite_com_belote_fourquevaux	.html	https://bonnafousn.wixsite.com/belote-fourquevaux	377454	fetch
tournois	calameo_com_books_00070473318190a9fb456	.html	https://www.calameo.com/books/00070473318190a9fb456	21614	fetch
tournois	carafons_fr_regles_de_la_coinche	.html	https://carafons.fr/regles-de-la-coinche/	176409	fetch
tournois	cartesetcie_fr_les_regles_de_la_coinche	.html	https://cartesetcie.fr/les-regles-de-la-coinche/	328957	fetch
tournois	casimirdehauteclocque_fr_jeux_coinche_pdf	.pdf	https://casimirdehauteclocque.fr/jeux/coinche.pdf	222735	fetch
tournois	cdf_missegre11_com_medias_files_belote_contre_e_pdf	.pdf	http://www.cdf-missegre11.com/medias/files/belote-contre-e.pdf	201759	fetch
tournois	cdfcasson_fr_files_ugd_0df194_8c501176abb04e5b9237c65fcf80f584_pdf	.pdf	https://www.cdfcasson.fr/_files/ugd/0df194_8c501176abb04e5b9237c65fcf80f584.pdf	123966	fetch
tournois	club_belote_com_les_tournois_de_belote_html	.html	https://www.club-belote.com/les-tournois-de-belote.html	29765	fetch
tournois	clublafontainedejouvence_fr_r_C3_A8glement_coinch_C3_A9e	.html	https://www.clublafontainedejouvence.fr/r%C3%A8glement/coinch%C3%A9e	27260	fetch
tournois	concours_belote_org_blog_organiser_concours_belote	.html	https://www.concours-belote.org/blog/organiser-concours-belote	69746	fetch
tournois	data_over_blog_kiwi_com_1_05_17_17_20150128_ob_1f68a4_2015_01_27_reglement_table_coinche_pdf	.pdf	http://data.over-blog-kiwi.com/1/05/17/17/20150128/ob_1f68a4_2015-01-27-reglement-table-coinche.pdf	305107	fetch
tournois	festivaldesjeux_cannes_com_en_evenement_1258_Grand_Prix_de_Cannes_Closing_of_the_2026_Festival_5_rounds_of_200	.html	https://www.festivaldesjeux-cannes.com/en/evenement/1258/Grand-Prix-de-Cannes-Closing-of-the-2026-Festival-5-rounds-of-2001-points	28184	fetch
tournois	festivaldesjeux_cannes_com_fr_evenement_1253_Tournois_qualificatifs_pour_le_Championnat_de_France_de_Belote_Co	.html	https://www.festivaldesjeux-cannes.com/fr/evenement/1253/Tournois-qualificatifs-pour-le-Championnat-de-France-de-Belote-Contree	28758	fetch
tournois	festivaldesjeux_cannes_com_fr_evenements_2026_02_25	.html	https://www.festivaldesjeux-cannes.com/fr/evenements/2026-02-25	41939	fetch
tournois	festivaldesjeux_cannes_com_fr_evenements_2026_02_28	.html	https://www.festivaldesjeux-cannes.com/fr/evenements/2026-02-28	248474	fetch
tournois	festivaldesjeux_cannes_com_fr_evenements_2026_03_01	.html	https://www.festivaldesjeux-cannes.com/fr/evenements/2026-03-01	143189	fetch
tournois	fnasce_org_2016_concours_de_belote_contree_coinche_a36693_html_lang_fr	.html	https://www.fnasce.org/2016-concours-de-belote-contree-coinche-a36693.html?lang=fr	232416	fetch
tournois	fnasce_org_IMG_pdf_Belote_Reglement_cle19a7cf_pdf	.pdf	https://www.fnasce.org/IMG/pdf/Belote_Reglement_cle19a7cf.pdf	100906	fetch
tournois	fnasce_org_IMG_pdf_belote_reglement_cle1a43c7_pdf	.pdf	https://www.fnasce.org/IMG/pdf/belote_reglement_cle1a43c7.pdf	27059	fetch
tournois	fnasce_org_IMG_pdf_reglement_belote_pdf	.pdf	https://www.fnasce.org/IMG/pdf/reglement_belote.pdf	136076	fetch
tournois	fnasce_org_IMG_pdf_reglement_pdf	.pdf	https://www.fnasce.org/IMG/pdf/reglement.pdf	27953	fetch
tournois	fr_wikipedia_org_wiki_Syst_C3_A8me_Aurard	.html	https://fr.wikipedia.org/wiki/Syst%C3%A8me_Aurard	53769	fetch
tournois	geraudotloisirs_free_fr_index_php_option_com_content_view_article_id_116_I	.html	http://geraudotloisirs.free.fr/index.php?option=com_content&view=article&id=116&Itemid=102	17042	fetch
tournois	jeu_belote_fr_regles_php_part_tournoi_competition_belote	.html	http://www.jeu-belote.fr/regles.php?part=tournoi-competition-belote	49383	fetch
tournois	jwebarteam_wordpress_com_championnat_de_coinche_2016_2017_les_regles	.html	https://jwebarteam.wordpress.com/championnat-de-coinche-2016-2017/les-regles/	92954	fetch
tournois	lagrandcombe_fr_wp_content_uploads_2020_01_Reglement_belote_2020_pdf	.pdf	https://www.lagrandcombe.fr/wp-content/uploads/2020/01/Reglement-belote-2020.pdf	439020	fetch
tournois	lesamisdutempslibrevarennes_jimdofree_com_activit_C3_A9s_jeux_concours_concours_belote	.html	https://lesamisdutempslibrevarennes.jimdofree.com/activit%C3%A9s/jeux-concours/concours-belote/	60184	fetch
tournois	maisondesessarts_fr_article116_html	.html	https://www.maisondesessarts.fr/article116.html	38323	fetch
tournois	muscletacoinche_wixsite_com_muscletacoinche_copie_de_equipes	.html	https://muscletacoinche.wixsite.com/muscletacoinche/copie-de-equipes	379219	fetch
tournois	pontdeclaix_fr_sites_default_files_2024_01_65a68d18ab985_rglementconcoursdebelote_pdf	.pdf	https://www.pontdeclaix.fr/sites/default/files/2024-01/65a68d18ab985_rglementconcoursdebelote.pdf	69999	fetch
tournois	rjcv_be_belote_regles_pdf	.pdf	https://www.rjcv.be/belote/regles.pdf	54610	fetch
tournois	s1_static_footeo_com_uploads_fcplouay_Medias_Rglement_Concours_mtqpkb_pdf	.pdf	http://s1.static-footeo.com/uploads/fcplouay/Medias/Rglement_Concours__mtqpkb.pdf	132015	fetch
tournois	sc4e58b2fce8a2e7a_jimcontent_com_download_version_1707646012_module_12973656226_name_Belote_20R_C3_A8glement_2	.pdf	https://sc4e58b2fce8a2e7a.jimcontent.com/download/version/1707646012/module/12973656226/name/Belote%20R%C3%A8glement%20%202024.pdf	127923	fetch
tournois	tcvb_bruche_free_fr_dossomma_tournoibelotte2012_tournoibelote2012reglement_htm	.html	http://tcvb.bruche.free.fr/dossomma/tournoibelotte2012/tournoibelote2012reglement.htm	10820	fetch
tournois	tournois_apps_com_belote	.html	https://tournois-apps.com/belote	86868	fetch
tournois	ville_plougastel_bzh_wp_content_uploads_2023_11_Reglement_Concours_Belote_pdf	.pdf	https://ville-plougastel.bzh/wp-content/uploads/2023/11/Reglement_Concours_Belote.pdf	232430	fetch
tournois	ville_plougastel_bzh_wp_content_uploads_2025_11_2026_Reglement_Tournoi_Belote_pdf	.pdf	https://ville-plougastel.bzh/wp-content/uploads/2025/11/2026_Reglement_Tournoi_Belote.pdf	110147	fetch
tournois	villeconin_fr_wp_content_uploads_2017_02_F_C3_A9d_C3_A9ration_fran_C3_A7aise_de_Belote_Informations_sur_le_jeu	.pdf	https://villeconin.fr/wp-content/uploads/2017/02/F%C3%A9d%C3%A9ration-fran%C3%A7aise-de-Belote-Informations-sur-le-jeu-de-belote.pdf	458838	fetch
tournois	web_archive_org_web_20160421181912if_http_festivaldesjeux_cannes_com_Documents_REGLEMENT_20DE_20LA_20BELOTE_20	.pdf	https://web.archive.org/web/20160421181912if_/http://www.festivaldesjeux-cannes.com/Documents/REGLEMENT%20DE%20LA%20BELOTE%20AUX%20ENCHERES%20OU%20CONTREE2016.pdf	161528	fetch
tournois	web_archive_org_web_2020_http_coinche_stephanoise_com_mesdocuments_reglement_coinche_pdf	.pdf	https://web.archive.org/web/2020/http://coinche-stephanoise.com/mesdocuments/reglement_coinche.pdf	111232	fetch
tournois	web_archive_org_web_20220516113001_http_pcsgc_fr_pages_infos_utiles_regles_officielles_de_la_coinche_html	.html	http://web.archive.org/web/20220516113001/http://www.pcsgc.fr/pages/infos-utiles/regles-officielles-de-la-coinche.html	48994	fetch
tournois	web_myassoc_org_img_Lions_E2uYP6mbNv79_2238_8c929f766_medias_c7aa239f63982fbbac73870b2563ec21_pdf	.pdf	https://web.myassoc.org/img/Lions_E2uYP6mbNv79/2238_8c929f766/medias/c7aa239f63982fbbac73870b2563ec21.pdf	122065	fetch
tournois	weezevent_com_fr_blog_organiser_concours_belote	.html	https://weezevent.com/fr/blog/organiser-concours-belote/	111197	fetch
tournois	zpag_net_Jeux_Cartes_Belote_et_Variante_pdf	.pdf	http://www.zpag.net/Jeux/Cartes/Belote_et_Variante.pdf	40289	fetch
clubs	adpoker_fr_whist_a_la_couleur_html	.html	https://www.adpoker.fr/whist-a-la-couleur.html	11835	fetch
clubs	amisduchibre_ch_histoire_du_chibre_ou_du_jass	.html	https://amisduchibre.ch/histoire-du-chibre-ou-du-jass/	53613	fetch
clubs	belotejeu_com_belote_suisse	.html	http://www.belotejeu.com/belote-suisse/	34707	fetch
clubs	chibre_ch_forum_viewtopic_php_p_25745	.html	https://chibre.ch/forum/viewtopic.php?p=25745	44525	fetch
clubs	chibre_ch_forum_viewtopic_php_t_2298	.html	https://www.chibre.ch/forum/viewtopic.php?t=2298	39612	fetch
clubs	chibre_ch_forum_viewtopic_php_t_2498	.html	https://www.chibre.ch/forum/viewtopic.php?t=2498	38100	fetch
clubs	chibre_ch_forum_viewtopic_php_t_638	.html	https://www.chibre.ch/forum/viewtopic.php?t=638	43207	fetch
clubs	chibre_ch_forum_viewtopic_php_t_943	.html	https://www.chibre.ch/forum/viewtopic.php?t=943	72440	fetch
clubs	coinche_ch_PageCoinche_GuideCoinche_pdf	.pdf	https://coinche.ch/PageCoinche/GuideCoinche.pdf	128838	fetch
clubs	coinche_ch_PageCoinche_Theoremes_Theoremes_pdf	.pdf	https://coinche.ch/PageCoinche/Theoremes/Theoremes.pdf	43452	fetch
clubs	coinche_ch_PageCoinche_annonces_pdf	.pdf	https://coinche.ch/PageCoinche/annonces.pdf	66548	fetch
clubs	coinche_ch_PageCoinche_coincheRV_pdf	.pdf	https://coinche.ch/PageCoinche/coincheRV.pdf	89575	fetch
clubs	coinche_ch_mode_pdf	.pdf	https://coinche.ch/mode.pdf	42359	fetch
clubs	coinche_ch_regles_coinche_pdf	.pdf	https://coinche.ch/regles_coinche.pdf	82250	fetch
clubs	coinche_ch_regles_pdf	.pdf	https://coinche.ch/regles.pdf	63951	fetch
clubs	coinche_ch_regles_tournoi_pdf	.pdf	https://coinche.ch/regles_tournoi.pdf	80479	fetch
clubs	coinche_ch_seminaire_coinche_pdf	.pdf	https://coinche.ch/seminaire_coinche.pdf	52223	fetch
clubs	fadoq_ca_wp_content_uploads_2017_06_rglement_jeux_en_tte_2019_pdf	.pdf	https://www.fadoq.ca/wp-content/uploads/2017/06/rglement-jeux-en-tte-2019.pdf	588836	fetch
clubs	fadoq_ca_wp_content_uploads_2018_09_whist_militaire_pdf	.pdf	https://www.fadoq.ca/wp-content/uploads/2018/09/whist-militaire.pdf	71489	fetch
clubs	fadoq_ca_wp_content_uploads_2022_01_regles_combinees_2019_pdf	.pdf	https://www.fadoq.ca/wp-content/uploads/2022/01/regles-combinees-2019.pdf	1047603	fetch
clubs	fadoq_ca_wp_content_uploads_2023_03_reglements_whist_militaire_pdf	.pdf	https://www.fadoq.ca/wp-content/uploads/2023/03/reglements-whist-militaire.pdf	109168	fetch
clubs	foss_bridge_org_comment_jouer_a_la_belote_tunisienne	.html	https://foss-bridge.org/comment-jouer-a-la-belote-tunisienne/	97721	fetch
clubs	frtj_kirschmann_reglement_tournois_officiels_COMPLET	.txt	http://www.kirschmann.ch/jassmaster2k/Regles/ (sections 1-20)	27278	fetch
clubs	jass_geneve_ch_regles_html	.html	https://www.jass-geneve.ch/regles.html	31481	fetch
clubs	jass_geneve_ch_regleschibre_html	.html	https://www.jass-geneve.ch/regleschibre.html	30832	fetch
clubs	jassshop_ch_pi_Jassreglemente_14279_html	.html	https://www.jassshop.ch/pi/Jassreglemente/14279.html	118026	fetch
clubs	jassverband_ch_fr	.html	https://jassverband.ch/fr	139982	fetch
clubs	jouer_au_belote_ueuo_com	.html	https://jouer-au-belote.ueuo.com/	11130	fetch
clubs	lewhist_be_reglement_html	.html	http://www.lewhist.be/reglement.html	11265	fetch
clubs	owfstorage_fadoq_ca_uploads_36754db5_d7ad_e611_8495_003048b86c77_8046d1eb_d85d_4799_93fe_756e053cbb96_pdf	.pdf	http://owfstorage.fadoq.ca/uploads/36754db5-d7ad-e611-8495-003048b86c77/8046d1eb-d85d-4799-93fe-756e053cbb96.pdf	1144338	fetch
clubs	regles_com_jeux_cartes_chibre_html	.html	https://www.regles.com/jeux-cartes/chibre.html	88520	fetch
clubs	regles_com_jeux_cartes_jass_html	.html	https://www.regles.com/jeux-cartes/jass.html	47956	fetch
clubs	reset_bar_ch_reglement_tournoi_jass	.html	https://reset-bar.ch/reglement-tournoi-jass/	324144	fetch
clubs	revue_bancal_fr_explorez_les_variantes_des_regles_de_la_belote_a_travers_le_monde	.html	https://www.revue-bancal.fr/explorez-les-variantes-des-regles-de-la-belote-a-travers-le-monde/	282543	fetch
clubs	rja_be_news_concours_de_belote	.html	https://www.rja.be/news/concours-de-belote/	127579	fetch
clubs	swisslos_ch_fr_jass_championnatsuissedechibre_informations_html	.html	https://www.swisslos.ch/fr/jass/championnatsuissedechibre/informations.html	81954	fetch
clubs	swisslos_ch_fr_jass_informations_les_regles_du_jass_bases_du_jass_html	.html	https://www.swisslos.ch/fr/jass/informations/les-regles-du-jass/bases-du-jass.html	81234	fetch
clubs	swisslos_ch_fr_jass_informations_les_regles_du_jass_le_chibre_html	.html	https://www.swisslos.ch/fr/jass/informations/les-regles-du-jass/le-chibre.html	81371	fetch
clubs	web_archive_org_web_20220704150905_https_charlemagnrie_be_wp_content_uploads_R_C3_A8glement_Belote_pdf	.pdf	https://web.archive.org/web/20220704150905/https://charlemagnrie.be/wp-content/uploads/R%C3%A8glement-Belote.pdf	5796	fetch
clubs	web_archive_org_web_20240130104132_https_charlemagnrie_be_tournoi_de_belote	.html	https://web.archive.org/web/20240130104132/https://www.charlemagnrie.be/tournoi-de-belote/	384888	fetch
clubs	web_be_clubsdewhist_html	.html	https://web.be/clubsdewhist.html	58666	fetch
clubs	whist_hainaut_be_Reglement_htm	.html	http://www.whist-hainaut.be/Reglement.htm	50959	fetch
clubs	whisthub_com_fr_rules	.html	https://www.whisthub.com/fr/rules	37108	fetch
divers	6yka_com_blogovi_bela_ili_belot	.html	https://6yka.com/blogovi/bela-ili-belot	548045	fetch
divers	adpoker_fr_belote_contree_html	.html	https://www.adpoker.fr/belote-contree.html	11511	fetch
divers	alhoa_free_fr_ALH_belote_rules_htm	.html	http://alhoa.free.fr/ALH/belote_rules.htm	13243	fetch
divers	anatoli1606_blog_bg_zabavlenie_2010_11_10_oficialni_pravila_na_igrata_belot_632465	.html	https://anatoli1606.blog.bg/zabavlenie/2010/11/10/oficialni-pravila-na-igrata-belot.632465	41658	fetch
divers	ange_heureux_free_fr_JeuxDeCartes_La_Coinche_html	.html	http://www.ange.heureux.free.fr/JeuxDeCartes/La_Coinche.html	130964	fetch
divers	avagyanp_blogspot_com_2012_07_thearmenians_play_bazaar_blot_alongwith_html	.html	http://avagyanp.blogspot.com/2012/07/thearmenians-play-bazaar-blot-alongwith.html	57166	fetch
divers	balootchampionship_com_baloot	.html	https://www.balootchampionship.com/baloot/	49868	fetch
divers	belaibelot_blogspot_com_p_n_e_p_i_s_n_pravila_bele_html	.html	http://belaibelot.blogspot.com/p/n-e-p-i-s-n-pravila-bele.html	107024	fetch
divers	belot_bg_academy_basics_belot_termini	.html	https://belot.bg/academy/basics/belot-termini/	91443	fetch
divers	belot_bg_academy_basics_tochkuvane_v_belota	.html	https://belot.bg/academy/basics/tochkuvane-v-belota/	93642	fetch
divers	belot_bg_belot_rules	.html	https://belot.bg/belot/rules/	103847	fetch
divers	belot_md_reguli_new_php	.html	https://belot.md/reguli_new.php	48581	fetch
divers	belot_md_reguli_php	.html	https://belot.md/reguli.php	48581	fetch
divers	belote_tv_federation_francaise_de_belote	.html	http://www.belote.tv/federation-francaise-de-belote/	45632	fetch
divers	belotecontree_free_reglement	.html	http://belotecontree.free.fr/article.php3?id_article=22	58727	fetch
divers	belotejeu_com_jouer_variante_belote	.html	http://www.belotejeu.com/jouer/variante-belote/	35447	fetch
divers	belotejeu_fr_variantes_de_la_belote	.html	http://belotejeu.fr/variantes-de-la-belote/	30493	fetch
divers	belotepoint_fr_belote_rebelote	.html	https://www.belotepoint.fr/belote-rebelote	17008	fetch
divers	belotepoint_fr_regles_belote	.html	https://www.belotepoint.fr/regles-belote	20227	fetch
divers	belotepoint_fr_regles_coinche	.html	https://www.belotepoint.fr/regles-coinche	22167	fetch
divers	beloter_com_251_le_r_C3_A8glement_officiel_de_la_belote	.html	http://www.beloter.com/251/le-r%C3%A8glement-officiel-de-la-belote	32101	fetch
divers	beloter_com_33_litige_C3_A0_la_coinche_C3_A9galit_C3_A9_C3_A0_81	.html	http://www.beloter.com/33/litige-%C3%A0-la-coinche-%C3%A9galit%C3%A9-%C3%A0-81	41780	fetch
divers	beloter_com_673_participer_au_championnat_de_france	.html	http://www.beloter.com/673/participer-au-championnat-de-france	31056	fetch
divers	beloter_com_906_litige_sur_les_81_points	.html	http://www.beloter.com/906/litige-sur-les-81-points	30390	fetch
divers	beloter_com_les_autres_variantes	.html	http://www.beloter.com/les-autres-variantes	22676	fetch
divers	beloter_com_questions	.html	http://www.beloter.com/questions	69232	fetch
divers	beloter_com_questions_la_belote	.html	http://www.beloter.com/questions/la-belote	65198	fetch
divers	beloter_com_questions_les_autres_variantes	.html	http://www.beloter.com/questions/les-autres-variantes	21715	fetch
divers	beloter_com_r_C3_A8gles_belote	.html	http://www.beloter.com/r%C3%A8gles-belote	24130	fetch
divers	beloter_com_r_C3_A8gles_coinche_contre	.html	http://www.beloter.com/r%C3%A8gles-coinche-contre	21677	fetch
divers	bg_wikipedia_org_wiki_D0_91_D0_B5_D0_BB_D0_BE_D1_82	.html	https://bg.wikipedia.org/wiki/%D0%91%D0%B5%D0%BB%D0%BE%D1%82	152475	fetch
divers	bg_wikipedia_org_wiki_D0_91_D1_80_D0_B8_D0_B4_D0_B6_D0_B1_D0_B5_D0_BB_D0_BE_D1_82	.html	https://bg.wikipedia.org/wiki/%D0%91%D1%80%D0%B8%D0%B4%D0%B6-%D0%B1%D0%B5%D0%BB%D0%BE%D1%82	152109	fetch
divers	bglux_org_forum_viewtopic_php_id_43	.html	https://www.bglux.org/forum/viewtopic.php?id=43	56264	fetch
divers	bk_jeux_ducale_fr_app_uploads_2022_06_cartes_a_jouer_Ducale_regle_jeu_belote_coinchee_pour_joueur_expert_pdf	.pdf	https://bk.jeux-ducale.fr/app/uploads/2022/06/cartes-a-jouer-Ducale-regle-jeu-belote-coinchee-pour-joueur-expert.pdf	135230	fetch
divers	blog_bozho_net_blog_913	.html	https://blog.bozho.net/blog/913	64322	fetch
divers	blog_jawaker_com_en_baloot_rules_en	.html	https://blog.jawaker.com/en/baloot-rules-en/	18429	fetch
divers	carafons_fr_regles_de_la_coinche	.html	https://carafons.fr/regles-de-la-coinche/	176409	fetch
divers	cartamundi_fr_app_uploads_2018_06_729710_notice_belote_1_pdf	.pdf	https://cartamundi.fr/app/uploads/2018/06/729710_notice_belote-1.pdf	1875794	fetch
divers	cartesenmain_fr_blogs_infos_coinche_quand_la_belote_se_corse_et_s_arrose	.html	https://cartesenmain.fr/blogs/infos/coinche-quand-la-belote-se-corse-et-s-arrose	126441	fetch
divers	cartesetcie_fr_regle_du_jeu_belote	.html	https://cartesetcie.fr/regle-du-jeu-belote/	332973	fetch
divers	cartesetcie_fr_regle_du_jeu_la_belote_coinchee	.html	https://cartesetcie.fr/regle-du-jeu-la-belote-coinchee/	292549	fetch
divers	cartesetcie_fr_regles_officielles_de_la_belote	.html	https://cartesetcie.fr/regles-officielles-de-la-belote/	349610	fetch
divers	chessclubanderlecht_org_les_variantes_de_la_belote_decouvrez_les_regles_regionales_et_comment_elles_influencen	.html	https://www.chessclubanderlecht.org/les-variantes-de-la-belote-decouvrez-les-regles-regionales-et-comment-elles-influencent-le-jeu	28611	fetch
divers	civil2006_blogspot_com_2006_12_blog_post_12_html	.html	http://civil2006.blogspot.com/2006/12/blog-post_12.html	157992	fetch
divers	club_belote_com_belote_coinchee_stephanoise_regles_particularites_et_positionnement_html	.html	https://www.club-belote.com/belote-coinchee-stephanoise-regles-particularites-et-positionnement.html	31872	fetch
divers	club_belote_com_la_belote_coinchee_et_belote_contree	.html	https://www.club-belote.com/la-belote-coinchee-et-belote-contree	41305	fetch
divers	clubdejeux_com_belote_coinchee_online_regles	.html	https://www.clubdejeux.com/belote-coinchee-online/regles	56171	fetch
divers	coinche_eboaz_com_regles_jeu_coinche	.html	http://coinche.eboaz.com/regles-jeu-coinche/	11005	fetch
divers	coincheenligne_fr_annonces	.html	http://www.coincheenligne.fr/annonces/	32147	fetch
divers	coincheenligne_fr_encheres	.html	http://www.coincheenligne.fr/encheres/	32785	fetch
divers	coincheenligne_fr_regles_coinche	.html	http://www.coincheenligne.fr/regles-coinche/	32448	fetch
divers	commentjouer_fr_jouer_belote_a_trois	.html	https://www.commentjouer.fr/jouer-belote-a-trois/	175238	fetch
divers	concours_de_belote_fr_les_differents_types_de_belote	.html	https://concours-de-belote.fr/les-differents-types-de-belote/	132864	fetch
divers	cooldown_bg_belot_turning_pravila_pdf	.pdf	https://cooldown.bg/belot_turning_pravila.pdf	94028	fetch
divers	corsicafan_com_cfan_docs_mn_nbcc_pdf	.pdf	https://www.corsicafan.com/cfan/docs/mn/nbcc.pdf	1429715	fetch
divers	corsicafan_com_cfan_download_bca2_pdf	.pdf	https://www.corsicafan.com/cfan/download/bca2.pdf	388863	fetch
divers	dalmacijaportal_hr_bela_povijest_pravila_i_najvece_posebnosti	.html	https://dalmacijaportal.hr/bela-povijest-pravila-i-najvece-posebnosti/	420718	fetch
divers	de_wikipedia_org_wiki_Jass	.html	https://de.wikipedia.org/wiki/Jass	222851	fetch
divers	denislavsotirov_blogspot_com_2013_07_blog_post_1858_html	.html	http://denislavsotirov.blogspot.com/2013/07/blog-post_1858.html	68635	fetch
divers	dimitrovmitko93_wixsite_com_belot_blank_tunt8	.html	https://dimitrovmitko93.wixsite.com/belot/blank-tunt8	433785	fetch
divers	drasill_github_io_bga_coinche_rules_en_html	.html	https://drasill.github.io/bga-coinche/rules-en.html	9722	fetch
divers	drasill_github_io_bga_coinche_rules_fr_html	.html	https://drasill.github.io/bga-coinche/rules-fr.html	11294	fetch
divers	eivanec_webmaster_com_hr_wp_content_uploads_2019_12_pravila_igre_bela_belot_pdf	.pdf	https://eivanec.webmaster.com.hr/wp-content/uploads/2019/12/pravila-igre-bela-belot.pdf	494432	fetch
divers	eksisozluk_com_belot_1389371	.html	https://eksisozluk.com/belot--1389371	87887	fetch
divers	el_wikipedia_org_wiki_CE_92_CE_AF_CE_B4_CE_B1_CF_80_CE_B1_CE_B9_CF_87_CE_BD_CE_AF_CE_B4_CE_B9	.html	https://el.wikipedia.org/wiki/%CE%92%CE%AF%CE%B4%CE%B1_(%CF%80%CE%B1%CE%B9%CF%87%CE%BD%CE%AF%CE%B4%CE%B9)	160761	fetch
divers	el_wikipedia_org_wiki_CE_9C_CF_80_CE_BF_CF_85_CF_81_CE_BB_CF_8C_CF_84	.html	https://el.wikipedia.org/wiki/%CE%9C%CF%80%CE%BF%CF%85%CF%81%CE%BB%CF%8C%CF%84	124188	fetch
divers	el_wikipedia_org_wiki_CE_A0_CE_B9_CE_BB_CF_8C_CF_84_CF_84_CE_B1	.html	https://el.wikipedia.org/wiki/%CE%A0%CE%B9%CE%BB%CF%8C%CF%84%CF%84%CE%B1	116135	fetch
divers	en_wikipedia_org_wiki_Baloot	.html	https://en.wikipedia.org/wiki/Baloot	315160	fetch
divers	en_wikipedia_org_wiki_Belote	.html	https://en.wikipedia.org/wiki/Belote	168569	fetch
divers	en_wikipedia_org_wiki_Jass	.html	https://en.wikipedia.org/wiki/Jass	237486	fetch
divers	en_wikipedia_org_wiki_Klabberjass	.html	https://en.wikipedia.org/wiki/Klabberjass	132345	fetch
divers	en_wikipedia_org_wiki_Klaverjas	.html	https://en.wikipedia.org/wiki/Klaverjas	130341	fetch
divers	en_wikipedia_org_wiki_Pilotta	.html	https://en.wikipedia.org/wiki/Pilotta	75670	fetch
divers	erasmusu_com_en_erasmus_blog_erasmus_tips_instructions_of_vida_screw_card_game_395446	.html	https://erasmusu.com/en/erasmus-blog/erasmus-tips/instructions-of-vida-screw-card-game-395446	54232	fetch
divers	exoty_com_blog_belote_contree_vs_coinche_le_meme_jeu	.html	https://exoty.com/blog/belote-contree-vs-coinche-le-meme-jeu	201397	fetch
divers	exoty_com_blog_capot_belote_coinche_regles_points_strategie	.html	https://exoty.com/blog/capot-belote-coinche-regles-points-strategie	204919	fetch
divers	exoty_com_compter_points_coinche	.html	https://exoty.com/compter-points-coinche	272151	fetch
divers	exoty_com_les_regles_de_la_belote_a_3	.html	https://exoty.com/les-regles-de-la-belote-a-3	257164	fetch
divers	exoty_com_regles_belote	.html	https://exoty.com/regles-belote	279549	fetch
divers	exoty_com_regles_coinche_belote	.html	https://exoty.com/regles-coinche-belote	243406	fetch
divers	favorite_games_com_html_rules_belot4_php	.html	https://www.favorite-games.com/html/rules_belot4.php	40444	fetch
divers	favorite_games_com_htmlser_rules_belot4_php	.html	https://www.favorite-games.com/htmlser/rules_belot4.php	26670	fetch
divers	favorite_games_com_htmltur_rules_belot4_php	.html	https://www.favorite-games.com/htmltur/rules_belot4.php	30991	fetch
divers	forums_bgdev_org_index_php_showtopic_38477	.html	http://forums.bgdev.org/index.php?showtopic=38477	71240	fetch
divers	foss_bridge_org_comment_jouer_a_la_belote_tunisienne	.html	https://foss-bridge.org/comment-jouer-a-la-belote-tunisienne/	97721	fetch
divers	fr_academic_com_dic_nsf_frwiki_201539	.html	https://fr-academic.com/dic.nsf/frwiki/201539	61852	fetch
divers	fr_wikipedia_org_wiki_Belote	.html	https://fr.wikipedia.org/wiki/Belote	300185	fetch
divers	fr_wikipedia_org_wiki_Belote_contr_C3_A9e	.html	https://fr.wikipedia.org/wiki/Belote_contr%C3%A9e	137831	fetch
divers	fr_wikipedia_org_wiki_Coinche	.html	https://fr.wikipedia.org/wiki/Coinche	107187	fetch
divers	fss_fmi_uni_sofia_bg_p_1028	.html	https://fss.fmi.uni-sofia.bg/?p=1028	94823	fetch
divers	gambiter_com_cards_Baloot_html	.html	https://gambiter.com/cards/Baloot.html	34582	fetch
divers	gambiter_com_cards_Klaverjas_html	.html	https://gambiter.com/cards/Klaverjas.html	16480	fetch
divers	gambiter_com_cards_national_greece_html	.html	https://gambiter.com/cards/national/greece.html	13693	fetch
divers	gambler_ru_Bazar_belote	.html	https://www.gambler.ru/Bazar-belote	19921	fetch
divers	gamerules_com_rules_baloot	.html	https://gamerules.com/rules/baloot/	71824	fetch
divers	globet_games_game_belot_pravila	.html	https://globet.games/game/belot/pravila/	24437	fetch
divers	he_wikipedia_org_wiki_D7_91_D7_9C_D7_95_D7_98	.html	https://he.wikipedia.org/wiki/%D7%91%D7%9C%D7%95%D7%98	117257	fetch
divers	home_belote_club_en	.html	https://home.belote.club/en	42764	fetch
divers	honorofwriting_blogspot_com_2011_07_blog_post_05_html	.html	http://honorofwriting.blogspot.com/2011/07/blog-post_05.html	92332	fetch
divers	hr_wikipedia_org_wiki_Belot	.html	https://hr.wikipedia.org/wiki/Belot	105621	fetch
divers	ibelote_com_en_rules_belote_php	.html	https://ibelote.com/en/rules-belote.php	9144	fetch
divers	igrakarta_com_belote	.html	https://www.igrakarta.com/belote	98441	fetch
divers	iscool_helpshift_com_hc_fr_10_belote_mobile_faq_157_how_to_play_coinche_coinche_rules	.html	https://iscool.helpshift.com/hc/fr/10-belote-mobile/faq/157-how-to-play-coinche-coinche-rules/	49772	fetch
divers	jawaker_com_en_rules_baloot	.html	https://www.jawaker.com/en/rules/baloot	18429	fetch
divers	jeu_belote_fr_regles_php_part_regles_jeu_belote	.html	https://www.jeu-belote.fr/regles.php?part=regles-jeu-belote	46739	fetch
divers	jeu_belote_fr_regles_php_part_regles_jeu_coinche	.html	https://www.jeu-belote.fr/regles.php?part=regles-jeu-coinche	46762	fetch
divers	jeubelote_com_regle_de_la_belote_html	.html	https://www.jeubelote.com/regle-de-la-belote.html	6434	fetch
divers	jeutexplique_com_belote_a_2	.html	https://jeutexplique.com/belote-a-2/	93614	fetch
divers	jeux_regles_com_regles_coinche	.html	https://jeux-regles.com/regles-coinche/	180855	fetch
divers	jouer_au_belote_ueuo_com	.html	https://jouer-au-belote.ueuo.com/	11130	fetch
divers	kaartspellen_online_nl_speel_klaverjassen_html	.html	https://www.kaartspellen-online.nl/speel-klaverjassen.html	97544	fetch
divers	klaver_live_puntentelling_klaverjassen	.html	https://klaver.live/puntentelling-klaverjassen	16718	fetch
divers	klaverjas_nl_SpelregelsKlaverjassen	.html	https://www.klaverjas.nl/SpelregelsKlaverjassen/	16232	fetch
divers	kleeblatt_jass_jimdoweb_com_programm_jassregeln	.html	https://kleeblatt-jass.jimdoweb.com/programm/jassregeln/	44436	fetch
divers	learnbelot_alle_bg_D0_BE_D1_81_D0_BD_D0_BE_D0_B2_D0_BD_D0_B8_D0_BF_D1_80_D0_B0_D0_B2_D0_B8_D0_BB_D0_B0	.html	https://learnbelot.alle.bg/%D0%BE%D1%81%D0%BD%D0%BE%D0%B2%D0%BD%D0%B8-%D0%BF%D1%80%D0%B0%D0%B2%D0%B8%D0%BB%D0%B0/	123622	fetch
divers	legalbet_rs_kazino_skola_kako_se_igra_belot_bela_kompletna_pravila_za_pocetnike	.html	https://legalbet.rs/kazino-skola/kako-se-igra-belot-bela-kompletna-pravila-za-pocetnike/	383379	fetch
divers	lemagloisirs_fr_regle_coinche	.html	https://www.lemagloisirs.fr/regle-coinche/	153925	fetch
divers	lifeinsaudiarabia_net_rules_to_play_baloot_game	.html	https://lifeinsaudiarabia.net/rules-to-play-baloot-game/	150538	fetch
divers	ludicash_com_belote_en_ligne_bases_belote_le_litige_a_la_belote	.html	https://www.ludicash.com/belote-en-ligne/bases-belote/le-litige-a-la-belote	70903	fetch
divers	maviedesenior_com_loisirs_comment_jouer_a_la_belote_coinchee	.html	https://maviedesenior.com/loisirs/comment-jouer-a-la-belote-coinchee	65470	fetch
divers	maxbelot_blogspot_com_p_blog_page_html	.html	https://maxbelot.blogspot.com/p/blog-page.html	47007	fetch
divers	neopoker_fr_neojeux_variantes_belote_13014	.html	https://www.neopoker.fr/neojeux/variantes-belote_13014	116676	fetch
divers	nl_wikibooks_org_wiki_Kaartspel_Klaverjassen	.html	https://nl.wikibooks.org/wiki/Kaartspel/Klaverjassen	109062	fetch
divers	nl_wikipedia_org_wiki_Klaverjassen	.html	https://nl.wikipedia.org/wiki/Klaverjassen	139406	fetch
divers	pagat_com_jass_alsos_html	.html	https://www.pagat.com/jass/alsos.html	81026	fetch
divers	pagat_com_jass_baloot_html	.html	https://www.pagat.com/jass/baloot.html	61332	fetch
divers	pagat_com_jass_bela_html	.html	https://www.pagat.com/jass/bela.html	43504	fetch
divers	pagat_com_jass_belote_html	.html	https://www.pagat.com/jass/belote.html	28670	fetch
divers	pagat_com_jass_boonaken_html	.html	https://www.pagat.com/jass/boonaken.html	26427	fetch
divers	pagat_com_jass_clabber_html	.html	https://www.pagat.com/jass/clabber.html	22009	fetch
divers	pagat_com_jass_coiffeur_html	.html	https://www.pagat.com/jass/coiffeur.html	24639	fetch
divers	pagat_com_jass_coinche_html	.html	https://www.pagat.com/jass/coinche.html	31725	fetch
divers	pagat_com_jass_derda_html	.html	https://www.pagat.com/jass/derda.html	25462	fetch
divers	pagat_com_jass_differenzler_html	.html	https://www.pagat.com/jass/differenzler.html	12084	fetch
divers	pagat_com_jass_handjass_html	.html	https://www.pagat.com/jass/handjass.html	30711	fetch
divers	pagat_com_jass_jojotte_html	.html	https://www.pagat.com/jass/jojotte.html	35504	fetch
divers	pagat_com_jass_klabberjass_html	.html	https://www.pagat.com/jass/klabberjass.html	26925	fetch
divers	pagat_com_jass_klaber_html	.html	https://www.pagat.com/jass/klaber.html	33036	fetch
divers	pagat_com_jass_klaverjassen_html	.html	https://www.pagat.com/jass/klaverjassen.html	28529	fetch
divers	pagat_com_jass_kruisjassen_html	.html	https://www.pagat.com/jass/kruisjassen.html	17104	fetch
divers	pagat_com_jass_mittlere_html	.html	https://www.pagat.com/jass/mittlere.html	18158	fetch
divers	pagat_com_jass_mpourloto_html	.html	https://www.pagat.com/jass/mpourloto.html	12929	fetch
divers	pagat_com_jass_pandoer_html	.html	https://www.pagat.com/jass/pandoer.html	22176	fetch
divers	pagat_com_jass_pilotta_html	.html	https://www.pagat.com/jass/pilotta.html	6066	fetch
divers	pagat_com_jass_schieber_html	.html	https://www.pagat.com/jass/schieber.html	25368	fetch
divers	pagat_com_jass_sidi_barrani_html	.html	https://www.pagat.com/jass/sidi_barrani.html	28158	fetch
divers	pagat_com_jass_staekske_rape_html	.html	https://www.pagat.com/jass/staekske_rape.html	25460	fetch
divers	pagat_com_jass_swjass_html	.html	https://www.pagat.com/jass/swjass.html	26148	fetch
divers	pagat_com_jass_tartli_html	.html	https://www.pagat.com/jass/tartli.html	39634	fetch
divers	pagat_com_jass_thunee_html	.html	https://www.pagat.com/jass/thunee.html	52251	fetch
divers	pagat_com_national_armenia_html	.html	https://www.pagat.com/national/armenia.html	5476	fetch
divers	pagat_com_national_bulgaria_html	.html	https://www.pagat.com/national/bulgaria.html	5879	fetch
divers	pagat_com_national_greece_html	.html	https://www.pagat.com/national/greece.html	6872	fetch
divers	pagat_com_national_netherlands_html	.html	https://www.pagat.com/national/netherlands.html	8015	fetch
divers	pagat_com_national_switzerland_html	.html	https://www.pagat.com/national/switzerland.html	10781	fetch
divers	pagat_com_national_turkey_html	.html	https://www.pagat.com/national/turkey.html	9453	fetch
divers	partyspellen_nl_2025_11_21_spelregels_klaverjassen	.html	https://partyspellen.nl/2025/11/21/spelregels-klaverjassen/	156495	fetch
divers	pilottacyprus_blogspot_com_p_blog_page_html	.html	https://pilottacyprus.blogspot.com/p/blog-page.html	95280	fetch
divers	re_belote_fr_belote_sans_atout_tout_atout	.html	https://www.re-belote.fr/belote-sans-atout-tout-atout/	162875	fetch
divers	re_belote_fr_jeu_de_belote_avec_annonces	.html	https://www.re-belote.fr/jeu-de-belote-avec-annonces/	150241	fetch
divers	regles_com_jeux_cartes_belote_html	.html	https://www.regles.com/jeux-cartes/belote.html	62628	fetch
divers	regles_com_jeux_cartes_coinche_html	.html	https://www.regles.com/jeux-cartes/coinche.html	48652	fetch
divers	regles_du_jeu_net_annonces_ou_pas_dannonces_belote_de_comptoir_vs_belote_de_fede	.html	https://www.regles-du-jeu.net/annonces-ou-pas-dannonces-belote-de-comptoir-vs-belote-de-fede/	173253	fetch
divers	regles_du_jeu_net_belote_a_5_joueurs_comment_adapter_les_regles	.html	https://www.regles-du-jeu.net/belote-a-5-joueurs-comment-adapter-les-regles/	168403	fetch
divers	regles_du_jeu_net_regles_de_la_belote	.html	https://www.regles-du-jeu.net/regles-de-la-belote/	183250	fetch
divers	reglesdejeux_github_io_regles_du_jeu_la_coinche_index_html	.html	https://reglesdejeux.github.io/regles-du-jeu-la-coinche/index.html	32437	fetch
divers	revue_bancal_fr_explorez_les_variantes_des_regles_de_la_belote_a_travers_le_monde	.html	https://www.revue-bancal.fr/explorez-les-variantes-des-regles-de-la-belote-a-travers-le-monde/	282543	fetch
divers	ro_wikipedia_org_wiki_Belot_C4_83	.html	https://ro.wikipedia.org/wiki/Belot%C4%83	89828	fetch
divers	ru_wikipedia_org_wiki_D0_91_D0_B5_D0_BB_D0_BE_D1_82	.html	https://ru.wikipedia.org/wiki/%D0%91%D0%B5%D0%BB%D0%BE%D1%82	170667	fetch
divers	saudigamer_com_blots_card_game_rules	.html	https://www.saudigamer.com/blots-card-game-rules/	121800	fetch
divers	space_villers_fr_wp_content_uploads_2024_07_A4_Belote_Rules_pdf	.pdf	https://www.space-villers.fr/wp-content/uploads/2024/07/A4_Belote_Rules.pdf	879420	fetch
divers	sr_wikipedia_org_sr_el_D0_91_D0_B5_D0_BB_D0_BE_D1_82_D0_B8_D0_B3_D1_80_D0_B0	.html	https://sr.wikipedia.org/sr-el/%D0%91%D0%B5%D0%BB%D0%BE%D1%82_(%D0%B8%D0%B3%D1%80%D0%B0)	126024	fetch
divers	svara_bg_com_belot	.html	https://svara-bg.com/belot/	117311	fetch
divers	swisslos_ch_de_jass_informationen_jass_regeln_jass_grundlagen_html	.html	https://www.swisslos.ch/de/jass/informationen/jass-regeln/jass-grundlagen.html	81218	fetch
divers	swisslos_ch_de_jass_informationen_jass_regeln_schieber_jass_html	.html	https://www.swisslos.ch/de/jass/informationen/jass-regeln/schieber-jass.html	81180	fetch
divers	tabellenboekje_nl_puntentelling_tabel_klaverjassen_php	.html	https://tabellenboekje.nl/puntentelling-tabel-klaverjassen.php	18503	fetch
divers	tahvivim_com_D7_94_D7_9E_D7_93_D7_A8_D7_99_D7_9A_D7_94_D7_9E_D7_9C_D7_90_D7_9C_D7_9E_D7_A9_D7_97_D7_A7_D7_91_D	.html	https://tahvivim.com/%D7%94%D7%9E%D7%93%D7%A8%D7%99%D7%9A-%D7%94%D7%9E%D7%9C%D7%90-%D7%9C%D7%9E%D7%A9%D7%97%D7%A7-%D7%91%D7%9C%D7%95%D7%98/	101266	fetch
divers	thuisleven_com_kaartspel_klaverjassen_de_spelregels	.html	https://www.thuisleven.com/kaartspel-klaverjassen-de-spelregels/	290351	fetch
divers	torofun_com_en_belote_rules	.html	https://torofun.com/en/belote/rules	48666	fetch
divers	trictrac_net_forum_sujet_belote_questions_diverses	.html	https://www.trictrac.net/forum/sujet/belote-questions-diverses	210931	fetch
divers	vipbaloot_com_ar_D9_82_D9_88_D8_A7_D9_86_D9_8A_D9_86_D8_A8_D9_84_D9_88_D8_AA	.html	https://vipbaloot.com/ar/%D9%82%D9%88%D8%A7%D9%86%D9%8A%D9%86-%D8%A8%D9%84%D9%88%D8%AA/	69255	fetch
divers	vipbelote_fr_blog_la_belote_a_3	.html	https://vipbelote.fr/blog/la-belote-a-3/	76739	fetch
divers	vipbelote_fr_regles	.html	https://vipbelote.fr/regles/	88714	fetch
divers	web_archive_org_web_20250125192646_http_agrino_org_izapitis_rules_html	.html	https://web.archive.org/web/20250125192646/http://agrino.org/izapitis/rules.html	6978	fetch
divers	yellowclub_net_page_karty_online_belot	.html	https://yellowclub.net/page/karty_online/belot	65951	fetch
divers	zpiderland_blogspot_com_2005_06_blog_post_111955767475819662_html	.html	http://zpiderland.blogspot.com/2005/06/blog-post_111955767475819662.html	112955	fetch
apps-sites	adpoker_fr_belote_contree_html	.html	https://www.adpoker.fr/belote-contree.html	11511	fetch
apps-sites	alkiom_fr_belote_regles_variantes_accessibles_cliquojeux	.html	https://www.alkiom.fr/belote-regles-variantes-accessibles-cliquojeux/	264212	fetch
apps-sites	allbestapps_fr_android_compteur_de_points_coinche_et_belote_coincoinche	.html	https://allbestapps.fr/android/compteur-de-points-coinche-et-belote-coincoinche	52265	fetch
apps-sites	amazon_fr_Eryod_Soft_Coinche_Belote_Contr_C3_A9e_dp_B00H83DRNE	.html	https://www.amazon.fr/Eryod-Soft-Coinche-Belote-Contr%C3%A9e/dp/B00H83DRNE	515634	fetch
apps-sites	ange_heureux_free_fr_Jeux_LaCoinche_html	.html	http://www.ange.heureux.free.fr/Jeux/LaCoinche.html	20233	fetch
apps-sites	apkcombo_com_french_coinche_com_eryodsoft_android_cards_coinche_lite	.html	https://apkcombo.com/french-coinche/com.eryodsoft.android.cards.coinche.lite/	82967	fetch
apps-sites	apps_apple_com_bg_app_belot_by_forte_games_belote_id634336809	.html	https://apps.apple.com/bg/app/belot-by-forte-games-belote/id634336809	568871	fetch
apps-sites	apps_apple_com_fr_app_belote_coinche_classique_id6475413450	.html	https://apps.apple.com/fr/app/belote-coinche-classique/id6475413450	771899	fetch
apps-sites	apps_apple_com_fr_app_belote_coinche_multijoueur_id1023399449	.html	https://apps.apple.com/fr/app/belote-coinche-multijoueur/id1023399449	830870	fetch
apps-sites	apps_apple_com_fr_app_belote_coinche_online_id920761536	.html	https://apps.apple.com/fr/app/belote-coinche-online/id920761536	642930	fetch
apps-sites	apps_apple_com_fr_app_belote_et_coinche_en_ligne_id1497503967	.html	https://apps.apple.com/fr/app/belote-et-coinche-en-ligne/id1497503967	574132	fetch
apps-sites	apps_apple_com_fr_app_belote_id687944090	.html	https://apps.apple.com/fr/app/belote/id687944090	752361	fetch
apps-sites	apps_apple_com_fr_app_belote_rebelote_id842742355	.html	https://apps.apple.com/fr/app/belote-rebelote/id842742355	556359	fetch
apps-sites	apps_apple_com_fr_app_coinche_belote_contr_C3_A9e_id739934239	.html	https://apps.apple.com/fr/app/coinche-belote-contr%C3%A9e/id739934239	778034	fetch
apps-sites	apps_apple_com_fr_app_coinche_contr_C3_A9e_en_ligne_id1575363906	.html	https://apps.apple.com/fr/app/coinche-contr%C3%A9e-en-ligne/id1575363906	731965	fetch
apps-sites	apps_apple_com_fr_app_compteur_belote_coinche_id6444708615	.html	https://apps.apple.com/fr/app/compteur-belote-coinche/id6444708615	640944	fetch
apps-sites	apps_apple_com_fr_app_la_coinche_belote_contr_C3_A9e_id532346283	.html	https://apps.apple.com/fr/app/la-coinche-belote-contr%C3%A9e/id532346283	723275	fetch
apps-sites	apps_apple_com_fr_app_vip_belote_coinche_contr_C3_A9e_id1055289553	.html	https://apps.apple.com/fr/app/vip-belote-coinche-contr%C3%A9e/id1055289553	780113	fetch
apps-sites	apps_apple_com_us_app_bela_blok_pro_belote_tracker_id1508462578	.html	https://apps.apple.com/us/app/bela-blok-pro-belote-tracker/id1508462578	376407	fetch
apps-sites	apps_apple_com_us_app_belote_coinche_multiplayer_id1023399449	.html	https://apps.apple.com/us/app/belote-coinche-multiplayer/id1023399449	827532	fetch
apps-sites	apps_apple_com_us_app_belote_online_id484350745	.html	https://apps.apple.com/us/app/belote-online/id484350745	514406	fetch
apps-sites	apps_apple_com_us_app_belote_pro_id6446456620	.html	https://apps.apple.com/us/app/belote-pro/id6446456620	604427	fetch
apps-sites	apps_apple_com_us_app_coinche_belote_contr_C3_A9e_id532346283	.html	https://apps.apple.com/us/app/coinche-belote-contr%C3%A9e/id532346283	673810	fetch
apps-sites	apps_apple_com_us_app_coinche_belote_contr_C3_A9e_id739934239	.html	https://apps.apple.com/us/app/coinche-belote-contr%C3%A9e/id739934239	724550	fetch
apps-sites	apps_apple_com_us_app_french_belote_id482158461	.html	https://apps.apple.com/us/app/french-belote/id482158461	695270	fetch
apps-sites	apps_apple_com_us_app_french_coinche_belote_contree_id589999464	.html	https://apps.apple.com/us/app/french-coinche-belote-contree/id589999464	396637	fetch
apps-sites	belot_pro_en	.html	https://belot.pro/en/	18038	fetch
apps-sites	belote_en_ligne_eu_jouer_a_la_belote_coinchee_gratuite_en_ligne_et_multi_joueurs	.html	https://www.belote-en-ligne.eu/jouer-a-la-belote-coinchee-gratuite-en-ligne-et-multi-joueurs/	40824	fetch
apps-sites	belote_en_ligne_fr	.html	https://www.belote-en-ligne.fr/	29617	fetch
apps-sites	belote_en_ligne_org_les_variantes_de_la_belote	.html	https://www.belote-en-ligne.org/les-variantes-de-la-belote/	137157	fetch
apps-sites	belote_rebelote_fr	.html	https://www.belote-rebelote.fr/	9118	fetch
apps-sites	belote_rebelote_fr_regles_html	.html	https://www.belote-rebelote.fr/regles.html	11903	fetch
apps-sites	belote_score_fr	.html	https://belote-score.fr/	13407	fetch
apps-sites	belote_tv_belote_vache	.html	http://www.belote.tv/belote-vache/	43467	fetch
apps-sites	belotecontree_free_fr_article_php3_id_article_22	.html	http://belotecontree.free.fr/article.php3?id_article=22	58727	fetch
apps-sites	belotepoint_fr	.html	https://www.belotepoint.fr/	32963	fetch
apps-sites	belotescore_com_fr	.html	https://www.belotescore.com/fr	20293	fetch
apps-sites	bk_jeux_ducale_fr_app_uploads_2022_06_cartes_a_jouer_Ducale_regle_jeu_belote_coinchee_pour_joueur_expert_pdf	.pdf	https://bk.jeux-ducale.fr/app/uploads/2022/06/cartes-a-jouer-Ducale-regle-jeu-belote-coinchee-pour-joueur-expert.pdf	135230	fetch
apps-sites	casimirdehauteclocque_fr_jeux_coinche_pdf	.pdf	https://casimirdehauteclocque.fr/jeux/coinche.pdf	222735	fetch
apps-sites	casualino_card_games_vip_belote_fr_aptoide_com_app	.html	https://casualino-card-games-vip-belote.fr.aptoide.com/app	256341	fetch
apps-sites	cliquojeux_com_belote	.html	https://www.cliquojeux.com/belote	136712	fetch
apps-sites	cliquojeux_com_belote_contree	.html	https://www.cliquojeux.com/belote-contree	123165	fetch
apps-sites	cliquojeux_com_belote_duel	.html	https://www.cliquojeux.com/belote-duel	128258	fetch
apps-sites	club_belote_com_belote_coinchee_stephanoise_regles_particularites_et_positionnement_html	.html	https://www.club-belote.com/belote-coinchee-stephanoise-regles-particularites-et-positionnement.html	31872	fetch
apps-sites	clubdejeux_com_belote_coinchee_online_regles	.html	https://www.clubdejeux.com/belote-coinchee-online/regles	56172	fetch
apps-sites	clubdejeux_com_belote_online_regles	.html	https://www.clubdejeux.com/belote-online/regles	53088	fetch
apps-sites	coinche_contree_com_les_regles_de_la_contree	.html	https://www.coinche-contree.com/les-regles-de-la-contree/	71925	fetch
apps-sites	coinche_en_ligne_com_annonce_contree	.html	http://www.coinche-en-ligne.com/annonce-contree/	32465	fetch
apps-sites	coinche_en_ligne_com_capot_coinche	.html	http://www.coinche-en-ligne.com/capot-coinche/	31427	fetch
apps-sites	coinche_en_ligne_com_coinche_lyonnaise	.html	http://www.coinche-en-ligne.com/coinche-lyonnaise/	31944	fetch
apps-sites	coinche_en_ligne_com_difference_entre_belote_coinchee_et_belote_contree	.html	http://www.coinche-en-ligne.com/difference-entre-belote-coinchee-et-belote-contree/	32366	fetch
apps-sites	coinche_en_ligne_com_generale_coinche	.html	http://www.coinche-en-ligne.com/generale-coinche/	31598	fetch
apps-sites	coinche_en_ligne_com_pierre_coinche	.html	http://www.coinche-en-ligne.com/pierre-coinche/	31480	fetch
apps-sites	coinche_en_ligne_com_regles_jeu_belote_coinchee	.html	http://www.coinche-en-ligne.com/regles-jeu-belote-coinchee/	34459	fetch
apps-sites	coinche_en_ligne_com_surcoinche	.html	http://www.coinche-en-ligne.com/surcoinche/	31512	fetch
apps-sites	coinchee_fr_coinche_en_ligne	.html	http://www.coinchee.fr/coinche-en-ligne/	29912	fetch
apps-sites	coinchegratuit_fr_quelles_sont_les_regles_du_jeu_de_coinche	.html	https://www.coinchegratuit.fr/quelles-sont-les-regles-du-jeu-de-coinche/	48263	fetch
apps-sites	contree_org_4_joueurs	.html	http://contree.org/4-joueurs/	35479	fetch
apps-sites	drasill_github_io_bga_coinche_rules_en_html	.html	https://drasill.github.io/bga-coinche/rules-en.html	9722	fetch
apps-sites	en_boardgamearena_com_gamepanel_game_belote	.html	https://en.boardgamearena.com/gamepanel?game=belote	1820896	fetch
apps-sites	en_boardgamearena_com_gamepanel_game_coinche	.html	https://en.boardgamearena.com/gamepanel?game=coinche	1786891	fetch
apps-sites	en_wikipedia_org_wiki_Coinche	.html	https://en.wikipedia.org/wiki/Coinche	90544	fetch
apps-sites	eryodsoft_com	.html	https://www.eryodsoft.com/	6941	fetch
apps-sites	eryodsoft_com_en_games_belote	.html	https://www.eryodsoft.com/en/games/belote	11521	fetch
apps-sites	eryodsoft_com_en_games_coinche	.html	http://www.eryodsoft.com/en/games/coinche	11567	fetch
apps-sites	eryodsoft_com_en_games_manille	.html	https://www.eryodsoft.com/en/games/manille	11099	fetch
apps-sites	eryodsoft_com_fr_jeux_belote	.html	https://www.eryodsoft.com/fr/jeux/belote	12439	fetch
apps-sites	eryodsoft_com_fr_jeux_coinche	.html	http://www.eryodsoft.com/fr/jeux/coinche	12563	fetch
apps-sites	exoty_com_regles_belote	.html	https://exoty.com/regles-belote	279549	fetch
apps-sites	exoty_com_regles_coinche_belote	.html	https://exoty.com/regles-coinche-belote	243406	fetch
apps-sites	exoty_com_regles_contree_belote	.html	https://exoty.com/regles-contree-belote	243423	fetch
apps-sites	forum_boardgamearena_com_viewtopic_php_t_15305	.html	https://forum.boardgamearena.com/viewtopic.php?t=15305	273253	fetch
apps-sites	fr_boardgamearena_com_doc_Gamehelpbelote	.html	https://fr.boardgamearena.com/doc/Gamehelpbelote	53248	fetch
apps-sites	fr_boardgamearena_com_doc_Gamehelpkqj	.html	https://fr.boardgamearena.com/doc/Gamehelpkqj	41920	fetch
apps-sites	french_coinche_belote_contree_free_ios_soft112_com	.html	https://french-coinche-belote-contree-free-ios.soft112.com/	133318	fetch
apps-sites	funbelote_com_en	.html	https://www.funbelote.com/en/	331618	fetch
apps-sites	funbridge_com_blog_fr_funbelote_jeu_de_belote	.html	https://funbridge.com/blog/fr/funbelote-jeu-de-belote/	87877	fetch
apps-sites	gambiter_com_cards_Belote_html	.html	https://gambiter.com/cards/Belote.html	40723	fetch
apps-sites	gambiter_com_cards_jass_coinche_html	.html	https://gambiter.com/cards/jass/coinche.html	38605	fetch
apps-sites	gameduell_fr_gd_belote_belote_classique_html	.html	https://www.gameduell.fr/gd/belote/belote-classique.html	52629	fetch
apps-sites	gameduell_fr_gd_belote_belote_contree_html	.html	https://www.gameduell.fr/gd/belote/belote-contree.html	50221	fetch
apps-sites	gameduell_helpshift_com_hc_en_16_belote_com_belote_coinche_faq_1054_coinche	.html	https://gameduell.helpshift.com/hc/en/16-belote-com---belote-coinche/faq/1054-coinche/	38080	fetch
apps-sites	gameduell_helpshift_com_hc_fr_16_belote_com_belote_coinche	.html	https://gameduell.helpshift.com/hc/fr/16-belote-com---belote-coinche/	95297	fetch
apps-sites	gameduell_helpshift_com_hc_fr_16_belote_com_belote_coinche_faq_1053_classic_belote	.html	https://gameduell.helpshift.com/hc/fr/16-belote-com---belote-coinche/faq/1053-classic-belote/	39014	fetch
apps-sites	gameduell_helpshift_com_hc_fr_16_belote_com_belote_coinche_faq_1055_belote_with_melds	.html	https://gameduell.helpshift.com/hc/fr/16-belote-com---belote-coinche/faq/1055-belote-with-melds/	37732	fetch
apps-sites	gameduell_helpshift_com_hc_fr_16_belote_com_belote_coinche_faq_1056_contree	.html	https://gameduell.helpshift.com/hc/fr/16-belote-com---belote-coinche/faq/1056-contree/	37248	fetch
apps-sites	gamerules_com_rules_belote	.html	https://gamerules.com/rules/belote/	71501	fetch
apps-sites	gamerules_com_rules_coinche	.html	https://gamerules.com/rules/coinche/	69835	fetch
apps-sites	gamesarena_io_belote	.html	https://gamesarena.io/belote/	61951	fetch
apps-sites	gametwist_com_en_skill_games_belote	.html	https://www.gametwist.com/en/skill-games/belote/	49410	fetch
apps-sites	gamevelvet_com_belote_online_rules	.html	https://www.gamevelvet.com/belote-online/rules	53268	fetch
apps-sites	gamevelvet_com_coinche_online_rules	.html	https://www.gamevelvet.com/coinche-online/rules	48053	fetch
apps-sites	getscory_com_en_score_keeper_belote	.html	https://getscory.com/en/score-keeper/belote	91942	fetch
apps-sites	ibelote_com_en_rules_belote_php	.html	https://ibelote.com/en/rules-belote.php	9144	fetch
apps-sites	ibelote_com_en_rules_coinche_php	.html	https://ibelote.com/en/rules-coinche.php	11821	fetch
apps-sites	iphoneaddict_fr_apps_jeux_la_coinche_belote_contree_gratuit_html	.html	https://iphoneaddict.fr/apps/jeux/la-coinche-belote-contree-gratuit.html	48685	fetch
apps-sites	iphoneaddict_fr_apps_utilitaires_coinchette_compteur_de_points_a_la_belote_coinche_et_contree_html	.html	https://iphoneaddict.fr/apps/utilitaires/coinchette-compteur-de-points-a-la-belote-coinche-et-contree.html	45310	fetch
apps-sites	iphonesoft_fr_2019_03_20_coinche_belote_contree_meilleur_jeu_cartes_gratuit_ios	.html	https://iphonesoft.fr/2019/03/20/coinche-belote-contree-meilleur-jeu-cartes-gratuit-ios	50087	fetch
apps-sites	iscool_helpshift_com_hc_fr_10_belote_mobile	.html	https://iscool.helpshift.com/hc/fr/10-belote-mobile/	95505	fetch
apps-sites	iscool_helpshift_com_hc_fr_10_belote_mobile_faq_156_how_to_play_belote_classic_belote_rules	.html	https://iscool.helpshift.com/hc/fr/10-belote-mobile/faq/156-how-to-play-belote-classic-belote-rules/	51259	fetch
apps-sites	iscool_helpshift_com_hc_fr_10_belote_mobile_faq_157_how_to_play_coinche_coinche_rules	.html	https://iscool.helpshift.com/hc/fr/10-belote-mobile/faq/157-how-to-play-coinche-coinche-rules/	49772	fetch
apps-sites	iscool_helpshift_com_hc_fr_10_belote_mobile_faq_159_what_s_the_difference_between_the_various_tables_and_which	.html	https://iscool.helpshift.com/hc/fr/10-belote-mobile/faq/159-what-s-the-difference-between-the-various-tables-and-which-one-should-i-choose/	45649	fetch
apps-sites	iscool_helpshift_com_hc_fr_10_belote_mobile_faq_160_what_is_the_solo_with_friends_mode	.html	https://iscool.helpshift.com/hc/fr/10-belote-mobile/faq/160-what-is-the-solo-with-friends-mode/	44738	fetch
apps-sites	iscool_helpshift_com_hc_fr_10_belote_mobile_faq_617_belote_rebelote	.html	https://iscool.helpshift.com/hc/fr/10-belote-mobile/faq/617-belote-rebelote/	45958	fetch
apps-sites	iscool_helpshift_com_hc_fr_10_belote_mobile_faq_618_coinche_declarations_at_nt	.html	https://iscool.helpshift.com/hc/fr/10-belote-mobile/faq/618-coinche---declarations-at-nt/	53414	fetch
apps-sites	iscool_helpshift_com_hc_fr_17_belote_facebook	.html	https://iscool.helpshift.com/hc/fr/17-belote-facebook/	75461	fetch
apps-sites	iscool_helpshift_com_hc_fr_17_belote_facebook_faq_496_game_rules_belote	.html	https://iscool.helpshift.com/hc/fr/17-belote-facebook/faq/496-game-rules---belote/	48032	fetch
apps-sites	iscool_helpshift_com_hc_fr_17_belote_facebook_faq_497_game_rules_coinche	.html	https://iscool.helpshift.com/hc/fr/17-belote-facebook/faq/497-game-rules---coinche/	48587	fetch
apps-sites	iscool_helpshift_com_hc_fr_17_belote_facebook_faq_498_bet_play	.html	https://iscool.helpshift.com/hc/fr/17-belote-facebook/faq/498-bet-play/	49937	fetch
apps-sites	iscool_helpshift_com_hc_fr_17_belote_facebook_faq_504_game_options	.html	https://iscool.helpshift.com/hc/fr/17-belote-facebook/faq/504-game-options/	46011	fetch
apps-sites	iscool_helpshift_com_hc_fr_17_belote_facebook_faq_701_coinche_with_announces_at_nt	.html	https://iscool.helpshift.com/hc/fr/17-belote-facebook/faq/701-coinche-with-announces-at-nt/	55455	fetch
apps-sites	jeu_belote_fr_regles_php	.html	https://www.jeu-belote.fr/regles.php	46739	fetch
apps-sites	jeubelote_com_regle_de_la_belote_html	.html	https://www.jeubelote.com/regle-de-la-belote.html	6434	fetch
apps-sites	jeudebelote_fr	.html	https://www.jeudebelote.fr/	153949	fetch
apps-sites	jeudebelote_org_belote_a_la_vache	.html	http://www.jeudebelote.org/belote-a-la-vache/	32451	fetch
apps-sites	jeudebelote_org_tout_atout_belote	.html	http://www.jeudebelote.org/tout-atout-belote/	31826	fetch
apps-sites	jeux_regles_com_regles_coinche	.html	https://jeux-regles.com/regles-coinche/	180855	fetch
apps-sites	la_coinche_fr_variantes_bresilienne_stephanoise_bridgee_php	.html	https://www.la-coinche.fr/variantes-bresilienne-stephanoise-bridgee.php	16140	fetch
apps-sites	licitum_board_directory_net_t16_belot_rules	.html	https://licitum.board-directory.net/t16-belot-rules	81691	fetch
apps-sites	ludi_com_jeux_jeux_de_cartes_belote_a_la_vache_aspx	.html	https://www.ludi.com/jeux/jeux-de-cartes/belote-a-la-vache.aspx	75654	fetch
apps-sites	ludi_com_jeux_jeux_de_cartes_coinche_aspx	.html	https://www.ludi.com/jeux/jeux-de-cartes/coinche.aspx	83717	fetch
apps-sites	ludicash_com_belote_online	.html	https://www.ludicash.com/belote-online	81849	fetch
apps-sites	ludicash_com_coinche_game	.html	https://www.ludicash.com/coinche-game	81833	fetch
apps-sites	ludicash_com_help_rules_belote	.html	https://www.ludicash.com/help/rules-belote	73992	fetch
apps-sites	ludicash_com_help_rules_belote_contree	.html	https://www.ludicash.com/help/rules-belote-contree	69436	fetch
apps-sites	ludicash_com_help_rules_coinche	.html	https://www.ludicash.com/help/rules-coinche	73167	fetch
apps-sites	ludigames_com	.html	https://www.ludigames.com/	189950	fetch
apps-sites	my_belote_fr_documentation_foire_a_questions	.html	https://www.my-belote.fr/documentation/foire-a-questions	33133	fetch
apps-sites	my_belote_fr_documentation_regles_du_jeu	.html	https://www.my-belote.fr/documentation/regles-du-jeu	38284	fetch
apps-sites	officialgamerules_org_game_rules_belote	.html	https://officialgamerules.org/game-rules/belote/	415130	fetch
apps-sites	pagat_com_jass_belote_html	.html	https://www.pagat.com/jass/belote.html	28670	fetch
apps-sites	pagat_com_jass_coinche_html	.html	https://www.pagat.com/jass/coinche.html	31725	fetch
apps-sites	play_google_com_store_apps_details_id_belote_french_coinche_trick_card_game	.html	https://play.google.com/store/apps/details?id=belote.french.coinche.trick.card.game.online.offline.multiplayer.poker&hl=fr	1251971	fetch
apps-sites	play_google_com_store_apps_details_id_com_WhatWapp_BeloteLeDefi_hl_fr	.html	https://play.google.com/store/apps/details?id=com.WhatWapp.BeloteLeDefi&hl=fr	1275079	fetch
apps-sites	play_google_com_store_apps_details_id_com_aandrill_belote_hl_fr	.html	https://play.google.com/store/apps/details?id=com.aandrill.belote&hl=fr	1139292	fetch
apps-sites	play_google_com_store_apps_details_id_com_casualino_vipbelote_hl_fr	.html	https://play.google.com/store/apps/details?id=com.casualino.vipbelote&hl=fr	1277578	fetch
apps-sites	play_google_com_store_apps_details_id_com_doocogames_belote_hl_fr	.html	https://play.google.com/store/apps/details?id=com.doocogames.belote&hl=fr	1198546	fetch
apps-sites	play_google_com_store_apps_details_id_com_eryodsoft_android_cards_belote_li	.html	https://play.google.com/store/apps/details?id=com.eryodsoft.android.cards.belote.lite&hl=en	1229741	fetch
apps-sites	play_google_com_store_apps_details_id_com_eryodsoft_android_cards_coinche_f	.html	https://play.google.com/store/apps/details?id=com.eryodsoft.android.cards.coinche.full&hl=fr	1244661	fetch
apps-sites	play_google_com_store_apps_details_id_com_eryodsoft_android_cards_coinche_l	.html	https://play.google.com/store/apps/details?id=com.eryodsoft.android.cards.coinche.lite&hl=fr	1255746	fetch
apps-sites	play_google_com_store_apps_details_id_com_gameduell_mobile_belote_hl_fr	.html	https://play.google.com/store/apps/details?id=com.gameduell.mobile.belote&hl=fr	1242776	fetch
apps-sites	play_google_com_store_apps_details_id_com_iscoolentertainment_belote_classi	.html	https://play.google.com/store/apps/details?id=com.iscoolentertainment.belote.classique&hl=fr	1230120	fetch
apps-sites	play_google_com_store_apps_details_id_com_iscoolentertainment_belote_hl_fr	.html	https://play.google.com/store/apps/details?id=com.iscoolentertainment.belote&hl=fr	1243825	fetch
apps-sites	play_google_com_store_apps_details_id_com_middlehut_android_belot_hl_en	.html	https://play.google.com/store/apps/details?id=com.middlehut.android.belot&hl=en	1155762	fetch
apps-sites	play_google_com_store_apps_details_id_com_nico_coinche_hl_fr	.html	https://play.google.com/store/apps/details?id=com.nico.coinche&hl=fr	1123896	fetch
apps-sites	play_google_com_store_apps_details_id_com_sbgapps_scoreit_hl_fr	.html	https://play.google.com/store/apps/details?id=com.sbgapps.scoreit&hl=fr	1091838	fetch
apps-sites	play_google_com_store_apps_details_id_com_summitgames_belote_hl_fr	.html	https://play.google.com/store/apps/details?id=com.summitgames.belote&hl=fr	1223249	fetch
apps-sites	play_google_com_store_apps_details_id_fr_virtapp_belote_hl_fr	.html	https://play.google.com/store/apps/details?id=fr.virtapp.belote&hl=fr	1178589	fetch
apps-sites	play_google_com_store_apps_details_id_net_aasuited_belotescore_hl_fr	.html	https://play.google.com/store/apps/details?id=net.aasuited.belotescore&hl=fr	1196618	fetch
apps-sites	play_google_com_store_apps_details_id_net_becvert_belote_hl_fr	.html	https://play.google.com/store/apps/details?id=net.becvert.belote&hl=fr	1210635	fetch
apps-sites	playjoy_com_en_belote_rules	.html	https://playjoy.com/en/belote/rules/	53996	fetch
apps-sites	playjoy_com_en_coinche_rules	.html	https://playjoy.com/en/coinche/rules/	60427	fetch
apps-sites	re_belote_fr	.html	https://www.re-belote.fr/	139738	fetch
apps-sites	re_belote_fr_belote_sans_atout_tout_atout	.html	https://www.re-belote.fr/belote-sans-atout-tout-atout/	162921	fetch
apps-sites	re_belote_fr_les_annonces	.html	https://www.re-belote.fr/les-annonces/	160996	fetch
apps-sites	re_belote_fr_prise_et_contrat	.html	https://www.re-belote.fr/prise-et-contrat/	157613	fetch
apps-sites	re_belote_fr_regles_de_la_belote	.html	https://www.re-belote.fr/regles-de-la-belote/	145751	fetch
apps-sites	regles_com_jeux_cartes_coinche_html	.html	https://www.regles.com/jeux-cartes/coinche.html	48652	fetch
apps-sites	regles_de_jeux_com_regle_coinche	.html	https://www.regles-de-jeux.com/regle-coinche/	190098	fetch
apps-sites	reglesdejeux_github_io_regles_du_jeu_la_coinche_index_html	.html	https://reglesdejeux.github.io/regles-du-jeu-la-coinche/index.html	32437	fetch
apps-sites	solitairebliss_com_belote	.html	https://www.solitairebliss.com/belote	92599	fetch
apps-sites	solitaireparadise_com_fr_jeu_belote_coinchee_html	.html	https://www.solitaireparadise.com/fr/jeu/belote-coinchee.html	164395	fetch
apps-sites	solitaireparadise_com_games_list_belot_html	.html	https://www.solitaireparadise.com/games_list/belot.html	169892	fetch
apps-sites	solitaireparadise_com_games_list_belote_coinchee_html	.html	https://www.solitaireparadise.com/games_list/belote-coinchee.html	168640	fetch
apps-sites	solitaireparadise_com_games_list_belote_html	.html	https://www.solitaireparadise.com/games_list/belote.html	169675	fetch
apps-sites	torofun_com_en_belote_rules	.html	https://torofun.com/en/belote/rules	48666	fetch
apps-sites	trickstercards_com_help_belote_rules	.html	https://www.trickstercards.com/help/belote-rules/	8786	fetch
apps-sites	trickstercards_com_help_coinche_rules	.html	https://www.trickstercards.com/help/coinche-rules/	8786	fetch
apps-sites	vipbelote_fr	.html	https://vipbelote.fr/	123886	fetch
apps-sites	vipbelote_fr_blog_divertissez_vous_avec_la_belote_coinchee_en_ligne	.html	https://vipbelote.fr/blog/divertissez-vous-avec-la-belote-coinchee-en-ligne/	81277	fetch
apps-sites	vipbelote_fr_blog_les_regles_de_la_belote_contree	.html	https://vipbelote.fr/blog/les-regles-de-la-belote-contree/	79094	fetch
apps-sites	vipbelote_fr_blog_regles_belote_coinchee	.html	https://vipbelote.fr/blog/regles-belote-coinchee/	76317	fetch
apps-sites	vipbelote_fr_regles	.html	https://vipbelote.fr/regles/	88714	fetch
apps-sites	vipgames_com_rules_belote	.html	https://www.vipgames.com/rules/belote/	152785	fetch
apps-sites	web_internet_fr_jouer_la_coinche_en_ligne_gratuitement_avec_ou_sans_compte_invite	.html	https://www.web-internet.fr/jouer-la-coinche-en-ligne-gratuitement-avec-ou-sans-compte-invite/	296527	fetch
open-source	39Olivier_Belote-coinche-Score-Counter_main_README.md	.md	https://github.com/39Olivier/Belote-coinche-Score-Counter	553	raw-github
open-source	Alounv_coinche-back_master_domain_2-bidding.go	.go	https://github.com/Alounv/coinche-back	4712	raw-github
open-source	Alounv_coinche-back_master_domain_4-counting.go	.go	https://github.com/Alounv/coinche-back	7684	raw-github
open-source	Alounv_coinche-back_master_domain_4-counting_test.go	.go	https://github.com/Alounv/coinche-back	12322	raw-github
open-source	AugustetheAuguste_COINCHE_DL_main_Environnement_coinche.py	.py	https://github.com/AugustetheAuguste/COINCHE	6500	raw-github
open-source	BellaajMohsen7_Soff_main_streamlit_belote_app.py	.py	https://github.com/BellaajMohsen7/Soff	98545	raw-github
open-source	Brawdunoir_coinche_main_README.md	.md	https://github.com/Brawdunoir/coinche	3653	raw-github
open-source	CephaloSophie_kydos_main_packages_core_src_scoring_donneScoring.ts	.ts	https://github.com/CephaloSophie/kydos	4188	raw-github
open-source	CephaloSophie_kydos_main_packages_core_src_scoring_index.ts	.ts	https://github.com/CephaloSophie/kydos	1407	raw-github
open-source	CephaloSophie_kydos_master_packages_core_src_rules_ContreeRules.ts	.ts	https://github.com/CephaloSophie/kydos	4143	raw-github
open-source	CyberFoxar_CardWeb_master_parcel-app_data-md_fr_belote.md	.md	https://github.com/CyberFoxar/CardWeb	4699	raw-github
open-source	ElysiumDisc_belote_master_src_belote_config.py	.py	https://github.com/ElysiumDisc/belote	3242	raw-github
open-source	ElysiumDisc_belote_master_src_belote_rules.py	.py	https://github.com/ElysiumDisc/belote	7349	raw-github
open-source	ElysiumDisc_belote_master_src_belote_scoring.py	.py	https://github.com/ElysiumDisc/belote	46402	raw-github
open-source	ElysiumDisc_belote_master_tests_test_official_rules.py	.py	https://github.com/ElysiumDisc/belote	22347	raw-github
open-source	ElysiumDisc_belote_master_tests_test_scoring_totals.py	.py	https://github.com/ElysiumDisc/belote	2473	raw-github
open-source	Hawkynt_Hawkynt.github.io_main_sz_Applications_Games_card-games_belote-variant.js	.js	https://github.com/Hawkynt/Hawkynt.github.io	46851	raw-github
open-source	Hm5s10_site_jeux_main_games_belote_game_logic.php	.php	https://github.com/Hm5s10/site	14827	raw-github
open-source	InCogNiTo124_BelaBot_master_belabot_engine_declarations.py	.py	https://github.com/InCogNiTo124/BelaBot	5646	raw-github
open-source	Jcat2b_BeloteCorse_main_src_utils___tests___gameRules.test.ts	.ts	https://github.com/Jcat2b/BeloteCorse	5176	raw-github
open-source	Jcat2b_BeloteCorse_main_src_utils_gameRules.ts	.ts	https://github.com/Jcat2b/BeloteCorse	5824	raw-github
open-source	LooperSalty_Belotro_main_README.md	.md	https://github.com/LooperSalty/Belotro	2168	raw-github
open-source	MrRaph_matrix-belote_main_README.md	.md	https://github.com/MrRaph/matrix-belote	967	raw-github
open-source	MrRaph_matrix-belote_main_belote.py	.py	https://github.com/MrRaph/matrix-belote	10167	raw-github
open-source	MrUnBaiat_BelotAI_master_Documents_gameRules.md	.md	https://github.com/MrUnBaiat/BelotAI	3382	raw-github
open-source	Oliboy50_coinche_master_client_src_shared_coinche_service_pointsCounter.test.ts	.ts	https://github.com/Oliboy50/coinche	10463	raw-github
open-source	Oliboy50_coinche_master_client_src_shared_coinche_service_pointsCounter.ts	.ts	https://github.com/Oliboy50/coinche	7160	raw-github
open-source	Omxr-Xg_quantum-bluff_develop_server_src_logic_belote_conteeBidding.ts	.ts	https://github.com/Omxr-Xg/quantum-bluff	7041	raw-github
open-source	Omxr-Xg_quantum-bluff_develop_server_src_logic_belote_conteeConstants.ts	.ts	https://github.com/Omxr-Xg/quantum-bluff	350	raw-github
open-source	Omxr-Xg_quantum-bluff_develop_server_src_logic_belote_scoring.ts	.ts	https://github.com/Omxr-Xg/quantum-bluff	1989	raw-github
open-source	Raphael-Bely_coinche-app_master_server_game_Scoring.js	.js	https://github.com/Raphael-Bely/coinche-app	4602	raw-github
open-source	SFScorpio_contree_master_class_hand_score.py	.py	https://github.com/SFScorpio/contree	3224	raw-github
open-source	SlimSeb_Elsa-Mina_main_src_ElsaMina.Commands_Games_Belote_BeloteConstants.cs	.cs	https://github.com/SlimSeb/Elsa-Mina	2020	raw-github
open-source	SlimSeb_Elsa-Mina_main_src_ElsaMina.Commands_Games_Belote_BeloteScorer.cs	.cs	https://github.com/SlimSeb/Elsa-Mina	3963	raw-github
open-source	StephaneBg_ScoreIt_master_data_src_main_kotlin_com_sbgapps_scoreit_data_model_BeloteBonusValue.kt	.kt	https://github.com/StephaneBg/ScoreIt	1198	raw-github
open-source	StephaneBg_ScoreIt_master_data_src_main_kotlin_com_sbgapps_scoreit_data_model_CoincheValue.kt	.kt	https://github.com/StephaneBg/ScoreIt	1008	raw-github
open-source	StephaneBg_ScoreIt_master_data_src_main_kotlin_com_sbgapps_scoreit_data_solver_BeloteSolver.kt	.kt	https://github.com/StephaneBg/ScoreIt	5134	raw-github
open-source	StephaneBg_ScoreIt_master_data_src_main_kotlin_com_sbgapps_scoreit_data_solver_CoincheSolver.kt	.kt	https://github.com/StephaneBg/ScoreIt	4313	raw-github
open-source	Ten0_coinche-server-rs_master_src_game_contract_bid.rs	.rs	https://github.com/Ten0/coinche-server-rs	1954	raw-github
open-source	Ten0_coinche-server-rs_master_src_game_points.rs	.rs	https://github.com/Ten0/coinche-server-rs	583	raw-github
open-source	TomBodard_belote-score-analyzer_main_src_utils_beloteUtils.ts	.ts	https://github.com/TomBodard/belote-score-analyzer	4037	raw-github
open-source	Yoan30_belote_main_src_domain_logic_beloteRebelote.ts	.ts	https://github.com/Yoan30/belote	6380	raw-github
open-source	abaivel_belote_game_main_backend_lib_belote.php	.php	https://github.com/abaivel/belote	15430	raw-github
open-source	christophecraig_coinchette_main_.claudefiles_DECISIONS.md	.md	https://github.com/christophecraig/coinchette	19152	raw-github
open-source	christophecraig_coinchette_main_.claudefiles_RULES.md	.md	https://github.com/christophecraig/coinchette	7504	raw-github
open-source	christophecraig_coinchette_main_lib_coinchette_games_score.ex	.ex	https://github.com/christophecraig/coinchette	4455	raw-github
open-source	christophecraig_megacoinche_master_base-knowledge_rules.md	.md	https://github.com/christophecraig/megacoinche	26858	raw-github
open-source	coincoinche_coincoinche_master_server_src_main_java_com_coincoinche_engine_README.md	.md	https://github.com/coincoinche/coincoinche	2401	raw-github
open-source	coincoinche_coincoinche_master_server_src_main_java_com_coincoinche_engine_contracts_Contract.java	.java	https://github.com/coincoinche/coincoinche	2313	raw-github
open-source	coincoinche_coincoinche_master_server_src_main_java_com_coincoinche_engine_contracts_ContractCapot.java	.java	https://github.com/coincoinche/coincoinche	760	raw-github
open-source	coincoinche_coincoinche_master_server_src_main_java_com_coincoinche_engine_contracts_ContractGenerale.java	.java	https://github.com/coincoinche/coincoinche	722	raw-github
open-source	coincoinche_coincoinche_master_web-ui_src_pages_Rules_Rules.tsx	.tsx	https://github.com/coincoinche/coincoinche	6785	raw-github
open-source	drasill_bga-coinche_master_coinche.game.php	.php	https://github.com/drasill/bga-coinche	55230	raw-github
open-source	drasill_bga-coinche_master_docs_rules-en.md	.md	https://github.com/drasill/bga-coinche	5826	raw-github
open-source	drasill_bga-coinche_master_docs_rules-fr.md	.md	https://github.com/drasill/bga-coinche	7145	raw-github
open-source	ebouda33_beloteMobile_main_docs_specifications-belote.md	.md	https://github.com/ebouda33/beloteMobile	17100	raw-github
open-source	eddy-geek_coinchounet_main_server_src_rules_bidding.ts	.ts	https://github.com/eddy-geek/coinchounet	6784	raw-github
open-source	eddy-geek_coinchounet_main_server_src_rules_scoring.ts	.ts	https://github.com/eddy-geek/coinchounet	9039	raw-github
open-source	eddy-geek_coinchounet_main_server_tests_scoring.spec.ts	.ts	https://github.com/eddy-geek/coinchounet	9991	raw-github
open-source	eddy-geek_coinchounet_main_specs_rules.md	.md	https://github.com/eddy-geek/coinchounet	5472	raw-github
open-source	giretra_giretra_main_docs_RULES.md	.md	https://github.com/giretra/giretra	14030	raw-github
open-source	giretra_giretra_main_src_Giretra.Core_Scoring_DealResult.cs	.cs	https://github.com/giretra/giretra	2431	raw-github
open-source	giretra_giretra_main_src_Giretra.Core_Scoring_ScoringCalculator.cs	.cs	https://github.com/giretra/giretra	10349	raw-github
open-source	gyscos_libcoinche_master_src_points.rs	.rs	https://github.com/gyscos/libcoinche	2179	raw-github
open-source	iSeaox_SansCoeurCDX_main_services_scores.py	.py	https://github.com/iSeaox/SansCoeurCDX	2135	raw-github
open-source	ilyesbrh_twistedFate-belote_main_docs_GAME_RULES.md	.md	https://github.com/ilyesbrh/twistedFate-belote	5243	raw-github
open-source	ilyesbrh_twistedFate-belote_main_docs_games_coinche_GAME_RULES.md	.md	https://github.com/ilyesbrh/twistedFate-belote	17784	raw-github
open-source	ilyesbrh_twistedFate-belote_main_docs_games_coinche_SOURCES.md	.md	https://github.com/ilyesbrh/twistedFate-belote	28937	raw-github
open-source	ilyesbrh_twistedFate-belote_main_packages_coinche_core___tests___models_capot-scoring.test.ts	.ts	https://github.com/ilyesbrh/twistedFate-belote	10639	raw-github
open-source	ilyesbrh_twistedFate-belote_main_packages_coinche_core_src_models_scoring.ts	.ts	https://github.com/ilyesbrh/twistedFate-belote	10184	raw-github
open-source	ilyesbrh_twistedFate-belote_main_packages_tunisian_core_src_models_scoring.ts	.ts	https://github.com/ilyesbrh/twistedFate-belote	6376	raw-github
open-source	ismo009_Coinche_main_game.js	.js	https://github.com/ismo009/Coinche	28699	raw-github
open-source	lkeegan_belote_main_worker_src_game_scoring.ts	.ts	https://github.com/lkeegan/belote	10373	raw-github
open-source	loic-vial_belote_master_src_belote_moteur_Belote.java	.java	https://github.com/loic-vial/belote	8346	raw-github
open-source	mattr13000_contree_main_server_rules.ts	.ts	https://github.com/mattr13000/contree	2767	raw-github
open-source	mattr13000_contree_main_shared_scoring.ts	.ts	https://github.com/mattr13000/contree	1357	raw-github
open-source	mondary_PKcards_main_assets_rules_belote.md	.md	https://github.com/mondary/PKcards	2315	raw-github
open-source	mondary_PKcards_main_assets_rules_coinche.md	.md	https://github.com/mondary/PKcards	857	raw-github
open-source	mondary_PKcards_main_assets_rules_rules2_jeux_belote.md	.md	https://github.com/mondary/PKcards	15687	raw-github
open-source	mondary_PKcards_main_assets_rules_rules2_jeux_manille-coinchee.md	.md	https://github.com/mondary/PKcards	1777	raw-github
open-source	mondary_PKcards_main_assets_rules_rules3_belote.md	.md	https://github.com/mondary/PKcards	5068	raw-github
open-source	mondary_PKcards_main_assets_rules_rules_edimag100_belote.md	.md	https://github.com/mondary/PKcards	4410	raw-github
open-source	mondary_PKcards_main_assets_rules_rules_fetjain32_belote.md	.md	https://github.com/mondary/PKcards	4139	raw-github
open-source	newtondotcom_coinche_main_apps_web_content_rules.md	.md	https://github.com/newtondotcom/coinche	9490	raw-github
open-source	ocentra_ocentra-games_main_packages_asset-editor_Resources_GameMode_CardGames_Games_jass_coinche_coincheRules.asset	.asset	https://github.com/ocentra/ocentra-games	9980	raw-github
open-source	ocentra_ocentra-games_main_packages_asset-editor_Resources_GameMode_CardGames_Games_jass_coinche_coincheScoring.asset	.asset	https://github.com/ocentra/ocentra-games	2681	raw-github
open-source	ocentra_ocentra-games_main_packages_card-games_src_processed-games_jass_baloot.json	.json	https://github.com/ocentra/ocentra-games	28045	raw-github
open-source	ocentra_ocentra-games_main_packages_card-games_src_processed-games_jass_belote.json	.json	https://github.com/ocentra/ocentra-games	24847	raw-github
open-source	ocentra_ocentra-games_main_packages_card-games_src_processed-games_jass_coinche.json	.json	https://github.com/ocentra/ocentra-games	24285	raw-github
open-source	pawelangelow_belote_main_packages_engine_RULES.md	.md	https://github.com/pawelangelow/belote	20628	raw-github
open-source	pawelangelow_belote_main_packages_engine_src_bidding.ts	.ts	https://github.com/pawelangelow/belote	6472	raw-github
open-source	pawelangelow_belote_main_packages_engine_src_declarations.ts	.ts	https://github.com/pawelangelow/belote	7174	raw-github
open-source	pawelangelow_belote_main_packages_engine_src_scoring.test.ts	.ts	https://github.com/pawelangelow/belote	39918	raw-github
open-source	pawelangelow_belote_main_packages_engine_src_scoring.ts	.ts	https://github.com/pawelangelow/belote	19950	raw-github
open-source	pfajeau_rom-whist_master_romwhist_contree_announce.py	.py	https://github.com/pfajeau/rom-whist	1482	raw-github
open-source	pfajeau_rom-whist_master_romwhist_contree_contree.py	.py	https://github.com/pfajeau/rom-whist	12990	raw-github
open-source	pierremaker1_blot-hayastan_main_README.md	.md	https://github.com/pierremaker1/blot-hayastan	2960	raw-github
open-source	pipoteam_pipobot-modules_master_belotebot_game.py	.py	https://github.com/pipoteam/pipobot-modules	14375	raw-github
open-source	racettour_Belote-contree-game_main_README.md	.md	https://github.com/racettour/Belote-contree-game	1418	raw-github
open-source	s4mKa7a_Belote.MG_main_Belote.Core_Game_BeloteRules.cs	.cs	https://github.com/s4mKa7a/Belote.MG	7266	raw-github
open-source	s4mKa7a_Belote.MG_main_Belote.Core_Game_HandScorer.cs	.cs	https://github.com/s4mKa7a/Belote.MG	4133	raw-github
open-source	s4mKa7a_Belote.MG_main_Belote.Tests_HandScorerTests.cs	.cs	https://github.com/s4mKa7a/Belote.MG	4365	raw-github
open-source	sebastien-perpignane_cardgame_master_src_main_java_sebastien_perpignane_cardgame_game_contree_ContreeBidValue.java	.java	https://github.com/sebastien-perpignane/cardgame	1714	raw-github
open-source	sebastien-perpignane_cardgame_master_src_main_java_sebastien_perpignane_cardgame_game_contree_ContreeGameConfig.java	.java	https://github.com/sebastien-perpignane/cardgame	400	raw-github
open-source	sebastien-perpignane_cardgame_master_src_main_java_sebastien_perpignane_cardgame_game_contree_DealScoreCalculator.java	.java	https://github.com/sebastien-perpignane/cardgame	5875	raw-github
open-source	sebastien-perpignane_cardgame_master_src_test_java_sebastien_perpignane_cardgame_game_contree_DealScoreCalculatorTest.java	.java	https://github.com/sebastien-perpignane/cardgame	31013	raw-github
open-source	slim0_contree_main_backend_game_scoring.py	.py	https://github.com/slim0/contree	5307	raw-github
open-source	slim0_contree_main_docs_game-rules.md	.md	https://github.com/slim0/contree	7287	raw-github
open-source	sofian13_cbgames_main_party_games_contree.ts	.ts	https://github.com/sofian13/cbgames	20867	raw-github
open-source	theosaulus_coinche_main_coinche_utils.py	.py	https://github.com/theosaulus/coinche	2716	raw-github
open-source	tokou_coinche_master_src_commonMain_kotlin_coinche_Bidding.kt	.kt	https://github.com/tokou/coinche	655	raw-github
open-source	valmathieu_ContrAI_main_contree-domain.md	.md	https://github.com/valmathieu/ContrAI	25410	raw-github
open-source	vareversat_carg_main_lib_models_game_setting_coinche_belote_game_setting.dart	.dart	https://github.com/vareversat/carg	543	raw-github
open-source	vareversat_carg_main_lib_models_game_setting_contree_belote_game_setting.dart	.dart	https://github.com/vareversat/carg	543	raw-github
open-source	vareversat_carg_main_lib_models_score_coinche_belote_score.dart	.dart	https://github.com/vareversat/carg	980	raw-github
open-source	vareversat_carg_main_lib_models_score_contree_belote_score.dart	.dart	https://github.com/vareversat/carg	980	raw-github
open-source	vareversat_carg_main_lib_models_score_misc_belote_special_round.dart	.dart	https://github.com/vareversat/carg	1135	raw-github
open-source	vareversat_carg_main_lib_models_score_misc_coinche_belote_contract_name.dart	.dart	https://github.com/vareversat/carg	862	raw-github
open-source	vareversat_carg_main_lib_models_score_misc_contree_belote_contract_name.dart	.dart	https://github.com/vareversat/carg	854	raw-github
open-source	vareversat_carg_main_lib_models_score_round_coinche_belote_round.dart	.dart	https://github.com/vareversat/carg	6481	raw-github
open-source	vareversat_carg_main_lib_models_score_round_contree_belote_round.dart	.dart	https://github.com/vareversat/carg	6420	raw-github
open-source	vareversat_carg_main_lib_models_score_round_french_belote_round.dart	.dart	https://github.com/vareversat/carg	3806	raw-github
open-source	yoniBenabou_TwoPlayersBelote_main_README.md	.md	https://github.com/yoniBenabou/TwoPlayersBelote	1642	raw-github
open-source	yuta-yoshinaga_go_trumpcards_develop_docs_manual_web_belote.md	.md	https://github.com/yuta-yoshinaga/go	6797	raw-github
open-source	yuta-yoshinaga_go_trumpcards_develop_internal_domain_BeloteConfig.go	.go	https://github.com/yuta-yoshinaga/go	1609	raw-github
